{
	"credit": "Made with Blockbench",
	"texture_size": [32, 32],
	"textures": {
		"2": "cardboard_box"
	},
	"elements": [
		{
			"name": "side",
			"from": [-3, 4, 13],
			"to": [11, 13, 13],
			"rotation": {"angle": 22.5, "axis": "z", "origin": [8, 9, 3]},
			"faces": {
				"north": {"uv": [0, 7, 7, 11.5], "texture": "#2"},
				"east": {"uv": [0, 0, 0, 4.5], "texture": "#2"},
				"south": {"uv": [0, 7, 7, 11.5], "texture": "#2"},
				"west": {"uv": [0, 0, 0, 4.5], "texture": "#2"},
				"up": {"uv": [0, 0, 7, 0], "texture": "#2"},
				"down": {"uv": [0, 0, 7, 0], "texture": "#2"}
			}
		},
		{
			"from": [-3, 4, 3],
			"to": [11, 13, 3],
			"rotation": {"angle": 22.5, "axis": "z", "origin": [8, 9, 3]},
			"faces": {
				"north": {"uv": [0, 11.5, 7, 16], "texture": "#2"},
				"east": {"uv": [0, 0, 0, 4.5], "texture": "#2"},
				"south": {"uv": [0, 11.5, 7, 16], "texture": "#2"},
				"west": {"uv": [0, 0, 0, 4.5], "texture": "#2"},
				"up": {"uv": [0, 0, 7, 0], "texture": "#2"},
				"down": {"uv": [0, 0, 7, 0], "texture": "#2"}
			}
		},
		{
			"from": [11, 4, 3],
			"to": [11, 13, 13],
			"rotation": {"angle": 22.5, "axis": "z", "origin": [8, 9, 3]},
			"faces": {
				"north": {"uv": [0, 0, 0, 4.5], "texture": "#2"},
				"east": {"uv": [10, 0, 15, 4.5], "texture": "#2"},
				"south": {"uv": [0, 0, 0, 4.5], "texture": "#2"},
				"west": {"uv": [10, 0, 15, 4.5], "texture": "#2"},
				"up": {"uv": [0, 0, 0, 5], "texture": "#2"},
				"down": {"uv": [0, 0, 0, 5], "texture": "#2"}
			}
		},
		{
			"from": [-3, 4, 3],
			"to": [-3, 13, 13],
			"rotation": {"angle": 22.5, "axis": "z", "origin": [8, 9, 3]},
			"faces": {
				"north": {"uv": [0, 0, 0, 4.5], "texture": "#2"},
				"east": {"uv": [10, 0, 15, 4.5], "texture": "#2"},
				"south": {"uv": [0, 0, 0, 4.5], "texture": "#2"},
				"west": {"uv": [10, 0, 15, 4.5], "texture": "#2"},
				"up": {"uv": [0, 0, 0, 5], "texture": "#2"},
				"down": {"uv": [0, 0, 0, 5], "texture": "#2"}
			}
		},
		{
			"name": "bottom",
			"from": [-3, 13, 3],
			"to": [11, 13, 13],
			"rotation": {"angle": 22.5, "axis": "z", "origin": [8, 9, 3]},
			"faces": {
				"north": {"uv": [0, 0, 7, 0], "texture": "#2"},
				"east": {"uv": [0, 0, 5, 0], "texture": "#2"},
				"south": {"uv": [0, 0, 7, 0], "texture": "#2"},
				"west": {"uv": [0, 0, 5, 0], "texture": "#2"},
				"up": {"uv": [5, 0, 0, 7], "rotation": 90, "texture": "#2"},
				"down": {"uv": [0, 0, 5, 7], "rotation": 90, "texture": "#2"}
			}
		},
		{
			"name": "bottom",
			"from": [-3, 4, 3],
			"to": [11, 4, 13],
			"rotation": {"angle": 22.5, "axis": "z", "origin": [8, 9, 3]},
			"faces": {
				"north": {"uv": [0, 0, 7, 0], "texture": "#2"},
				"east": {"uv": [0, 0, 5, 0], "texture": "#2"},
				"south": {"uv": [0, 0, 7, 0], "texture": "#2"},
				"west": {"uv": [0, 0, 5, 0], "texture": "#2"},
				"up": {"uv": [5, 0, 10, 7], "texture": "#2"},
				"down": {"uv": [5, 0, 10, 7], "texture": "#2"}
			}
		},
		{
			"from": [9.5, 0, 7.5],
			"to": [10.5, 10, 8.5],
			"rotation": {"angle": 0, "axis": "x", "origin": [-6, -2, 3]},
			"faces": {
				"north": {"uv": [14, 10, 14.5, 15], "texture": "#2"},
				"east": {"uv": [13.5, 10, 14, 15], "texture": "#2"},
				"south": {"uv": [15, 10, 15.5, 15], "texture": "#2"},
				"west": {"uv": [14.5, 10, 15, 15], "texture": "#2"},
				"up": {"uv": [14.5, 10, 14, 9.5], "texture": "#2"},
				"down": {"uv": [15, 9.5, 14.5, 10], "texture": "#2"}
			}
		}
	],
	"display": {
		"thirdperson_righthand": {
			"rotation": [75, 45, 0],
			"translation": [0, 2.5, 0],
			"scale": [0.375, 0.375, 0.375]
		},
		"thirdperson_lefthand": {
			"rotation": [75, 45, 0],
			"translation": [0, 2.5, 0],
			"scale": [0.375, 0.375, 0.375]
		},
		"firstperson_righthand": {
			"rotation": [0, 0, 15],
			"translation": [1.13, 3.2, 1.13],
			"scale": [0.68, 0.68, 0.68]
		},
		"firstperson_lefthand": {
			"rotation": [0, 0, 15],
			"translation": [1.13, 3.2, 1.13],
			"scale": [0.68, 0.68, 0.68]
		},
		"ground": {
			"translation": [0, 3, 0],
			"scale": [0.35, 0.35, 0.35]
		},
		"gui": {
			"rotation": [30, 225, 0],
			"translation": [-1.75, -0.25, 0],
			"scale": [0.7, 0.7, 0.7]
		},
		"head": {
			"translation": [0, 5.75, -0.25],
			"scale": [1.55, 1.55, 1.55]
		},
		"fixed": {
			"translation": [4, 2, -1],
			"scale": [1.3, 1.3, 1.3]
		}
	},
	"groups": [
		{
			"name": "box",
			"origin": [8, 9, 3],
			"color": 0,
			"nbt": "{}",
			"children": [0, 1, 2, 3, 4, 5, 6]
		}
	]
}