{
	"credit": "Made with Blockbench",
	"texture_size": [32, 32],
	"textures": {
		"0": "block/texture",
		"particle": "block/texture"
	},
	"elements": [
		{
			"from": [1, 1, 0],
			"to": [15, 15, 1],
			"faces": {
				"north": {"uv": [0.5, 0.5, 7.5, 7.5], "texture": "#0"},
				"east": {"uv": [0, 0.5, 0.5, 7.5], "texture": "#0"},
				"south": {"uv": [8, 0.5, 15, 7.5], "texture": "#0"},
				"west": {"uv": [7.5, 0.5, 8, 7.5], "texture": "#0"},
				"up": {"uv": [7.5, 0.5, 0.5, 0], "texture": "#0"},
				"down": {"uv": [14.5, 0, 7.5, 0.5], "texture": "#0"}
			}
		},
		{
			"from": [1, 7, 1],
			"to": [1, 9, 16],
			"faces": {
				"north": {"uv": [7.5, 8.5, 7.5, 9.5], "texture": "#0"},
				"east": {"uv": [0, 8.5, 7.5, 9.5], "texture": "#0"},
				"south": {"uv": [15, 8.5, 15, 9.5], "texture": "#0"},
				"west": {"uv": [7.5, 8.5, 15, 9.5], "texture": "#0"},
				"up": {"uv": [7.5, 8.5, 7.5, 1], "texture": "#0"},
				"down": {"uv": [7.5, 1, 7.5, 8.5], "texture": "#0"}
			}
		},
		{
			"from": [15, 7, 1],
			"to": [15, 9, 16],
			"faces": {
				"north": {"uv": [7.5, 7.5, 7.5, 8.5], "texture": "#0"},
				"east": {"uv": [0, 7.5, 7.5, 8.5], "texture": "#0"},
				"south": {"uv": [15, 7.5, 15, 8.5], "texture": "#0"},
				"west": {"uv": [7.5, 7.5, 15, 8.5], "texture": "#0"},
				"up": {"uv": [7.5, 7.5, 7.5, 0], "texture": "#0"},
				"down": {"uv": [7.5, 0, 7.5, 7.5], "texture": "#0"}
			}
		},
		{
			"from": [1, 7, 16],
			"to": [15, 9, 16],
			"faces": {
				"north": {"uv": [0, 9.5, 7, 10.5], "texture": "#0"},
				"east": {"uv": [0, 9.5, 0, 10.5], "texture": "#0"},
				"south": {"uv": [7, 9.5, 14, 10.5], "texture": "#0"},
				"west": {"uv": [7, 9.5, 7, 10.5], "texture": "#0"},
				"up": {"uv": [7, 9.5, 0, 9.5], "texture": "#0"},
				"down": {"uv": [14, 9.5, 7, 9.5], "texture": "#0"}
			}
		}
	],
	"display": {
		"thirdperson_righthand": {
			"scale": [0.5, 0.5, 0.5]
		},
		"thirdperson_lefthand": {
			"scale": [0.5, 0.5, 0.5]
		},
		"firstperson_righthand": {
			"rotation": [-23, 121, 3],
			"translation": [1.75, 1.5, 0],
			"scale": [0.69, 0.69, 0.69]
		},
		"firstperson_lefthand": {
			"rotation": [1, 153, 0],
			"translation": [-1.75, 4, 0],
			"scale": [0.5, 0.5, 0.5]
		},
		"ground": {
			"scale": [0.3, 0.3, 0.3]
		},
		"gui": {
			"rotation": [-1, 163, 3],
			"scale": [0.69, 0.69, 0.7]
		},
		"fixed": {
			"translation": [0, 0, 8.5]
		}
	}
}