{
  "_fv": 57,
  "_type": "recipe",
  "definition": {
    "recipeType": "Crafting",
    "recipeRetstackSize": 1,
    "group": "",
    "cookingBookCategory": "MISC",
    "xpReward": 0.0,
    "cookingTime": 200,
    "craftingBookCategory": "MISC",
    "recipeShapeless": true,
    "recipeSlots": [
      {
        "value": "Items.ROTTEN_FLESH"
      },
      {
        "value": "Items.ROTTEN_FLESH"
      },
      {
        "value": "Items.ROTTEN_FLESH"
      },
      {
        "value": "Items.SUGAR"
      },
      {
        "value": "Items.SUGAR"
      },
      {
        "value": "Blocks.DIRT"
      },
      {
        "value": ""
      },
      {
        "value": ""
      },
      {
        "value": ""
      }
    ],
    "recipeReturnStack": {
      "value": "CUSTOM:Fuud"
    },
    "name": "fuudrec",
    "namespace": "mod"
  }
}