{
  "_fv": 57,
  "_type": "achievement",
  "definition": {
    "achievementName": "Well Seasoned",
    "achievementDescription": "Lookin tasty",
    "achievementIcon": {
      "value": "CUSTOM:Seasoning"
    },
    "background": "Default",
    "disableDisplay": false,
    "showPopup": true,
    "announceToChat": true,
    "hideIfNotCompleted": true,
    "rewardLoot": [],
    "rewardRecipes": [],
    "rewardFunction": "No function",
    "rewardXP": 420,
    "achievementType": "challenge",
    "parent": {
      "value": "No parent: root"
    },
    "triggerxml": "<xml xmlns=\"https://developers.google.com/blockly/xml\"><block type=\"custom_trigger\" x=\"31\" y=\"151\"><next><block type=\"advancement_trigger\" deletable=\"false\"></block></next></block></xml>"
  }
}