{
  "schemaVersion": 1,
  "id": "pemts",
  "version": "1.2.0",
  "name": "Pemts",
  "authors": [
    "LOGIHCKAC"
  ],
  "contact": {
    "homepage": "https://havensgaming.com",
    "sources": ""
  },
  "license": "Academic Free License v3.0",
  "environment": "*",
  "entrypoints": {
    "main": [
      "net.havensgaming.pemts.PemtsMod"
    ],
    "client": [
      "net.havensgaming.pemts.ClientInit"
    ]
  },
  "depends": {
    "fabricloader": ">=0.14.21",
    "fabric": "*",
    "minecraft": "~1.20",
    "java": ">=17"
  },
  "mixins": [
    "pemts.mixins.json"
  ]
}